"","Country","ISO","Scenario","Value","dose_information_Intro","dose_information_NVax","severity","coverage","path"
"1","Ethiopia","ETH","all_1_10_14_cov_50","Ethiopia_doses.csv","Neonatal_1/10/14","Neonatal_1/10/14","doses","50%","./input/country_select/all_uses_1_10_14/all_1_10_14_cov_50"
"2","Ethiopia","ETH","all_1_10_14_cov_60","Ethiopia_doses.csv","Neonatal_1/10/14","Neonatal_1/10/14","doses","60%","./input/country_select/all_uses_1_10_14/all_1_10_14_cov_60"
"3","Ethiopia","ETH","all_1_10_14_cov_70","Ethiopia_doses.csv","Neonatal_1/10/14","Neonatal_1/10/14","doses","70%","./input/country_select/all_uses_1_10_14/all_1_10_14_cov_70"
"4","Ethiopia","ETH","all_1_10_14_cov_80","Ethiopia_doses.csv","Neonatal_1/10/14","Neonatal_1/10/14","doses","80%","./input/country_select/all_uses_1_10_14/all_1_10_14_cov_80"
"5","Ethiopia","ETH","all_1_10_14_cov_90","Ethiopia_doses.csv","Neonatal_1/10/14","Neonatal_1/10/14","doses","90%","./input/country_select/all_uses_1_10_14/all_1_10_14_cov_90"
"6","Ethiopia","ETH","all_1_10_14_cov_95","Ethiopia_doses.csv","Neonatal_1/10/14","Neonatal_1/10/14","doses","95%","./input/country_select/all_uses_1_10_14/all_1_10_14_cov_95"
"7","Ethiopia","ETH","all_1_10_14_cov_curr","Ethiopia_doses.csv","Neonatal_1/10/14","Neonatal_1/10/14","doses","current_coverage","./input/country_select/all_uses_1_10_14/all_1_10_14_cov_curr"
"8","Ethiopia","ETH","all_1_6_10_cov_50","Ethiopia_doses.csv","Neonatal_1/6/10","Neonatal_1/6/10","doses","50%","./input/country_select/all_uses_1_6_10/all_1_6_10_cov_50"
"9","Ethiopia","ETH","all_1_6_10_cov_60","Ethiopia_doses.csv","Neonatal_1/6/10","Neonatal_1/6/10","doses","60%","./input/country_select/all_uses_1_6_10/all_1_6_10_cov_60"
"10","Ethiopia","ETH","all_1_6_10_cov_70","Ethiopia_doses.csv","Neonatal_1/6/10","Neonatal_1/6/10","doses","70%","./input/country_select/all_uses_1_6_10/all_1_6_10_cov_70"
"11","Ethiopia","ETH","all_1_6_10_cov_80","Ethiopia_doses.csv","Neonatal_1/6/10","Neonatal_1/6/10","doses","80%","./input/country_select/all_uses_1_6_10/all_1_6_10_cov_80"
"12","Ethiopia","ETH","all_1_6_10_cov_90","Ethiopia_doses.csv","Neonatal_1/6/10","Neonatal_1/6/10","doses","90%","./input/country_select/all_uses_1_6_10/all_1_6_10_cov_90"
"13","Ethiopia","ETH","all_1_6_10_cov_95","Ethiopia_doses.csv","Neonatal_1/6/10","Neonatal_1/6/10","doses","95%","./input/country_select/all_uses_1_6_10/all_1_6_10_cov_95"
"14","Ethiopia","ETH","all_1_6_10_cov_curr","Ethiopia_doses.csv","Neonatal_1/6/10","Neonatal_1/6/10","doses","current_coverage","./input/country_select/all_uses_1_6_10/all_1_6_10_cov_curr"
"15","Ethiopia","ETH","all_10_14_cov_50","Ethiopia_doses.csv","RV_10/14","RV_10/14","doses","50%","./input/country_select/all_uses_10_14/all_10_14_cov_50"
"16","Ethiopia","ETH","all_10_14_cov_60","Ethiopia_doses.csv","RV_10/14","RV_10/14","doses","60%","./input/country_select/all_uses_10_14/all_10_14_cov_60"
"17","Ethiopia","ETH","all_10_14_cov_70","Ethiopia_doses.csv","RV_10/14","RV_10/14","doses","70%","./input/country_select/all_uses_10_14/all_10_14_cov_70"
"18","Ethiopia","ETH","all_10_14_cov_80","Ethiopia_doses.csv","RV_10/14","RV_10/14","doses","80%","./input/country_select/all_uses_10_14/all_10_14_cov_80"
"19","Ethiopia","ETH","all_10_14_cov_90","Ethiopia_doses.csv","RV_10/14","RV_10/14","doses","90%","./input/country_select/all_uses_10_14/all_10_14_cov_90"
"20","Ethiopia","ETH","all_10_14_cov_95","Ethiopia_doses.csv","RV_10/14","RV_10/14","doses","95%","./input/country_select/all_uses_10_14/all_10_14_cov_95"
"21","Ethiopia","ETH","all_10_14_cov_curr","Ethiopia_doses.csv","RV_10/14","RV_10/14","doses","current_coverage","./input/country_select/all_uses_10_14/all_10_14_cov_curr"
"22","Ethiopia","ETH","all_uses_2_dose_plus_40_cov_50","Ethiopia_doses.csv","RV_6/10/40","RV_6/10/40","doses","50%","./input/country_select/all_uses_2_dose_plus_40/all_uses_2_dose_plus_40_cov_50"
"23","Ethiopia","ETH","all_uses_2_dose_plus_40_cov_60","Ethiopia_doses.csv","RV_6/10/40","RV_6/10/40","doses","60%","./input/country_select/all_uses_2_dose_plus_40/all_uses_2_dose_plus_40_cov_60"
"24","Ethiopia","ETH","all_uses_2_dose_plus_40_cov_70","Ethiopia_doses.csv","RV_6/10/40","RV_6/10/40","doses","70%","./input/country_select/all_uses_2_dose_plus_40/all_uses_2_dose_plus_40_cov_70"
"25","Ethiopia","ETH","all_uses_2_dose_plus_40_cov_80","Ethiopia_doses.csv","RV_6/10/40","RV_6/10/40","doses","80%","./input/country_select/all_uses_2_dose_plus_40/all_uses_2_dose_plus_40_cov_80"
"26","Ethiopia","ETH","all_uses_2_dose_plus_40_cov_90","Ethiopia_doses.csv","RV_6/10/40","RV_6/10/40","doses","90%","./input/country_select/all_uses_2_dose_plus_40/all_uses_2_dose_plus_40_cov_90"
"27","Ethiopia","ETH","all_uses_2_dose_plus_40_cov_95","Ethiopia_doses.csv","RV_6/10/40","RV_6/10/40","doses","95%","./input/country_select/all_uses_2_dose_plus_40/all_uses_2_dose_plus_40_cov_95"
"28","Ethiopia","ETH","all_uses_2_dose_plus_40_cov_curr","Ethiopia_doses.csv","RV_6/10/40","RV_6/10/40","doses","current_coverage","./input/country_select/all_uses_2_dose_plus_40/all_uses_2_dose_plus_40_cov_curr"
"29","Ethiopia","ETH","all_6_10_cov_50","Ethiopia_doses.csv","RV_6/10","RV_6/10","doses","50%","./input/country_select/all_uses_6_10/all_6_10_cov_50"
"30","Ethiopia","ETH","all_6_10_cov_60","Ethiopia_doses.csv","RV_6/10","RV_6/10","doses","60%","./input/country_select/all_uses_6_10/all_6_10_cov_60"
"31","Ethiopia","ETH","all_6_10_cov_70","Ethiopia_doses.csv","RV_6/10","RV_6/10","doses","70%","./input/country_select/all_uses_6_10/all_6_10_cov_70"
"32","Ethiopia","ETH","all_6_10_cov_80","Ethiopia_doses.csv","RV_6/10","RV_6/10","doses","80%","./input/country_select/all_uses_6_10/all_6_10_cov_80"
"33","Ethiopia","ETH","all_6_10_cov_90","Ethiopia_doses.csv","RV_6/10","RV_6/10","doses","90%","./input/country_select/all_uses_6_10/all_6_10_cov_90"
"34","Ethiopia","ETH","all_6_10_cov_95","Ethiopia_doses.csv","RV_6/10","RV_6/10","doses","95%","./input/country_select/all_uses_6_10/all_6_10_cov_95"
"35","Ethiopia","ETH","all_6_10_cov_curr","Ethiopia_doses.csv","RV_6/10","RV_6/10","doses","current_coverage","./input/country_select/all_uses_6_10/all_6_10_cov_curr"
"36","Ethiopia","ETH","all_6_10_14_cov_50","Ethiopia_doses.csv","RV_6/10","RV_6/10","doses","50%","./input/country_select/all_uses_6_10_14/all_6_10_14_cov_50"
"37","Ethiopia","ETH","all_6_10_14_cov_60","Ethiopia_doses.csv","RV_6/10","RV_6/10","doses","60%","./input/country_select/all_uses_6_10_14/all_6_10_14_cov_60"
"38","Ethiopia","ETH","all_6_10_14_cov_70","Ethiopia_doses.csv","RV_6/10","RV_6/10","doses","70%","./input/country_select/all_uses_6_10_14/all_6_10_14_cov_70"
"39","Ethiopia","ETH","all_6_10_14_cov_80","Ethiopia_doses.csv","RV_6/10","RV_6/10","doses","80%","./input/country_select/all_uses_6_10_14/all_6_10_14_cov_80"
"40","Ethiopia","ETH","all_6_10_14_cov_90","Ethiopia_doses.csv","RV_6/10","RV_6/10","doses","90%","./input/country_select/all_uses_6_10_14/all_6_10_14_cov_90"
"41","Ethiopia","ETH","all_6_10_14_cov_95","Ethiopia_doses.csv","RV_6/10","RV_6/10","doses","95%","./input/country_select/all_uses_6_10_14/all_6_10_14_cov_95"
"42","Ethiopia","ETH","all_6_10_14_cov_curr","Ethiopia_doses.csv","RV_6/10","RV_6/10","doses","current_coverage","./input/country_select/all_uses_6_10_14/all_6_10_14_cov_curr"
"43","Ethiopia","ETH","current_cov_50","Ethiopia_doses.csv","Keep_current","N/A","doses","50%","./input/country_select/current_vacc_status/current_cov_50"
"44","Ethiopia","ETH","current_cov_60","Ethiopia_doses.csv","Keep_current","N/A","doses","60%","./input/country_select/current_vacc_status/current_cov_60"
"45","Ethiopia","ETH","current_cov_70","Ethiopia_doses.csv","Keep_current","N/A","doses","70%","./input/country_select/current_vacc_status/current_cov_70"
"46","Ethiopia","ETH","current_cov_80","Ethiopia_doses.csv","Keep_current","N/A","doses","80%","./input/country_select/current_vacc_status/current_cov_80"
"47","Ethiopia","ETH","current_cov_90","Ethiopia_doses.csv","Keep_current","N/A","doses","90%","./input/country_select/current_vacc_status/current_cov_90"
"48","Ethiopia","ETH","current_cov_95","Ethiopia_doses.csv","Keep_current","N/A","doses","95%","./input/country_select/current_vacc_status/current_cov_95"
"49","Ethiopia","ETH","current_cov_curr","Ethiopia_doses.csv","Keep_current","N/A","doses","current_coverage","./input/country_select/current_vacc_status/current_cov_curr"
"50","Ghana","GHA","all_1_10_14_cov_50","Ghana_doses.csv","Neonatal_1/10/14","Neonatal_1/10/14","doses","50%","./input/country_select/all_uses_1_10_14/all_1_10_14_cov_50"
"51","Ghana","GHA","all_1_10_14_cov_60","Ghana_doses.csv","Neonatal_1/10/14","Neonatal_1/10/14","doses","60%","./input/country_select/all_uses_1_10_14/all_1_10_14_cov_60"
"52","Ghana","GHA","all_1_10_14_cov_70","Ghana_doses.csv","Neonatal_1/10/14","Neonatal_1/10/14","doses","70%","./input/country_select/all_uses_1_10_14/all_1_10_14_cov_70"
"53","Ghana","GHA","all_1_10_14_cov_80","Ghana_doses.csv","Neonatal_1/10/14","Neonatal_1/10/14","doses","80%","./input/country_select/all_uses_1_10_14/all_1_10_14_cov_80"
"54","Ghana","GHA","all_1_10_14_cov_90","Ghana_doses.csv","Neonatal_1/10/14","Neonatal_1/10/14","doses","90%","./input/country_select/all_uses_1_10_14/all_1_10_14_cov_90"
"55","Ghana","GHA","all_1_10_14_cov_95","Ghana_doses.csv","Neonatal_1/10/14","Neonatal_1/10/14","doses","95%","./input/country_select/all_uses_1_10_14/all_1_10_14_cov_95"
"56","Ghana","GHA","all_1_10_14_cov_curr","Ghana_doses.csv","Neonatal_1/10/14","Neonatal_1/10/14","doses","current_coverage","./input/country_select/all_uses_1_10_14/all_1_10_14_cov_curr"
"57","Ghana","GHA","all_1_6_10_cov_50","Ghana_doses.csv","Neonatal_1/6/10","Neonatal_1/6/10","doses","50%","./input/country_select/all_uses_1_6_10/all_1_6_10_cov_50"
"58","Ghana","GHA","all_1_6_10_cov_60","Ghana_doses.csv","Neonatal_1/6/10","Neonatal_1/6/10","doses","60%","./input/country_select/all_uses_1_6_10/all_1_6_10_cov_60"
"59","Ghana","GHA","all_1_6_10_cov_70","Ghana_doses.csv","Neonatal_1/6/10","Neonatal_1/6/10","doses","70%","./input/country_select/all_uses_1_6_10/all_1_6_10_cov_70"
"60","Ghana","GHA","all_1_6_10_cov_80","Ghana_doses.csv","Neonatal_1/6/10","Neonatal_1/6/10","doses","80%","./input/country_select/all_uses_1_6_10/all_1_6_10_cov_80"
"61","Ghana","GHA","all_1_6_10_cov_90","Ghana_doses.csv","Neonatal_1/6/10","Neonatal_1/6/10","doses","90%","./input/country_select/all_uses_1_6_10/all_1_6_10_cov_90"
"62","Ghana","GHA","all_1_6_10_cov_95","Ghana_doses.csv","Neonatal_1/6/10","Neonatal_1/6/10","doses","95%","./input/country_select/all_uses_1_6_10/all_1_6_10_cov_95"
"63","Ghana","GHA","all_1_6_10_cov_curr","Ghana_doses.csv","Neonatal_1/6/10","Neonatal_1/6/10","doses","current_coverage","./input/country_select/all_uses_1_6_10/all_1_6_10_cov_curr"
"64","Ghana","GHA","all_10_14_cov_50","Ghana_doses.csv","RV_10/14","RV_10/14","doses","50%","./input/country_select/all_uses_10_14/all_10_14_cov_50"
"65","Ghana","GHA","all_10_14_cov_60","Ghana_doses.csv","RV_10/14","RV_10/14","doses","60%","./input/country_select/all_uses_10_14/all_10_14_cov_60"
"66","Ghana","GHA","all_10_14_cov_70","Ghana_doses.csv","RV_10/14","RV_10/14","doses","70%","./input/country_select/all_uses_10_14/all_10_14_cov_70"
"67","Ghana","GHA","all_10_14_cov_80","Ghana_doses.csv","RV_10/14","RV_10/14","doses","80%","./input/country_select/all_uses_10_14/all_10_14_cov_80"
"68","Ghana","GHA","all_10_14_cov_90","Ghana_doses.csv","RV_10/14","RV_10/14","doses","90%","./input/country_select/all_uses_10_14/all_10_14_cov_90"
"69","Ghana","GHA","all_10_14_cov_95","Ghana_doses.csv","RV_10/14","RV_10/14","doses","95%","./input/country_select/all_uses_10_14/all_10_14_cov_95"
"70","Ghana","GHA","all_10_14_cov_curr","Ghana_doses.csv","RV_10/14","RV_10/14","doses","current_coverage","./input/country_select/all_uses_10_14/all_10_14_cov_curr"
"71","Ghana","GHA","all_uses_2_dose_plus_40_cov_50","Ghana_doses.csv","RV_6/10/40","RV_6/10/40","doses","50%","./input/country_select/all_uses_2_dose_plus_40/all_uses_2_dose_plus_40_cov_50"
"72","Ghana","GHA","all_uses_2_dose_plus_40_cov_60","Ghana_doses.csv","RV_6/10/40","RV_6/10/40","doses","60%","./input/country_select/all_uses_2_dose_plus_40/all_uses_2_dose_plus_40_cov_60"
"73","Ghana","GHA","all_uses_2_dose_plus_40_cov_70","Ghana_doses.csv","RV_6/10/40","RV_6/10/40","doses","70%","./input/country_select/all_uses_2_dose_plus_40/all_uses_2_dose_plus_40_cov_70"
"74","Ghana","GHA","all_uses_2_dose_plus_40_cov_80","Ghana_doses.csv","RV_6/10/40","RV_6/10/40","doses","80%","./input/country_select/all_uses_2_dose_plus_40/all_uses_2_dose_plus_40_cov_80"
"75","Ghana","GHA","all_uses_2_dose_plus_40_cov_90","Ghana_doses.csv","RV_6/10/40","RV_6/10/40","doses","90%","./input/country_select/all_uses_2_dose_plus_40/all_uses_2_dose_plus_40_cov_90"
"76","Ghana","GHA","all_uses_2_dose_plus_40_cov_95","Ghana_doses.csv","RV_6/10/40","RV_6/10/40","doses","95%","./input/country_select/all_uses_2_dose_plus_40/all_uses_2_dose_plus_40_cov_95"
"77","Ghana","GHA","all_uses_2_dose_plus_40_cov_curr","Ghana_doses.csv","RV_6/10/40","RV_6/10/40","doses","current_coverage","./input/country_select/all_uses_2_dose_plus_40/all_uses_2_dose_plus_40_cov_curr"
"78","Ghana","GHA","all_6_10_cov_50","Ghana_doses.csv","RV_6/10","RV_6/10","doses","50%","./input/country_select/all_uses_6_10/all_6_10_cov_50"
"79","Ghana","GHA","all_6_10_cov_60","Ghana_doses.csv","RV_6/10","RV_6/10","doses","60%","./input/country_select/all_uses_6_10/all_6_10_cov_60"
"80","Ghana","GHA","all_6_10_cov_70","Ghana_doses.csv","RV_6/10","RV_6/10","doses","70%","./input/country_select/all_uses_6_10/all_6_10_cov_70"
"81","Ghana","GHA","all_6_10_cov_80","Ghana_doses.csv","RV_6/10","RV_6/10","doses","80%","./input/country_select/all_uses_6_10/all_6_10_cov_80"
"82","Ghana","GHA","all_6_10_cov_90","Ghana_doses.csv","RV_6/10","RV_6/10","doses","90%","./input/country_select/all_uses_6_10/all_6_10_cov_90"
"83","Ghana","GHA","all_6_10_cov_95","Ghana_doses.csv","RV_6/10","RV_6/10","doses","95%","./input/country_select/all_uses_6_10/all_6_10_cov_95"
"84","Ghana","GHA","all_6_10_cov_curr","Ghana_doses.csv","RV_6/10","RV_6/10","doses","current_coverage","./input/country_select/all_uses_6_10/all_6_10_cov_curr"
"85","Ghana","GHA","all_6_10_14_cov_50","Ghana_doses.csv","RV_6/10","RV_6/10","doses","50%","./input/country_select/all_uses_6_10_14/all_6_10_14_cov_50"
"86","Ghana","GHA","all_6_10_14_cov_60","Ghana_doses.csv","RV_6/10","RV_6/10","doses","60%","./input/country_select/all_uses_6_10_14/all_6_10_14_cov_60"
"87","Ghana","GHA","all_6_10_14_cov_70","Ghana_doses.csv","RV_6/10","RV_6/10","doses","70%","./input/country_select/all_uses_6_10_14/all_6_10_14_cov_70"
"88","Ghana","GHA","all_6_10_14_cov_80","Ghana_doses.csv","RV_6/10","RV_6/10","doses","80%","./input/country_select/all_uses_6_10_14/all_6_10_14_cov_80"
"89","Ghana","GHA","all_6_10_14_cov_90","Ghana_doses.csv","RV_6/10","RV_6/10","doses","90%","./input/country_select/all_uses_6_10_14/all_6_10_14_cov_90"
"90","Ghana","GHA","all_6_10_14_cov_95","Ghana_doses.csv","RV_6/10","RV_6/10","doses","95%","./input/country_select/all_uses_6_10_14/all_6_10_14_cov_95"
"91","Ghana","GHA","all_6_10_14_cov_curr","Ghana_doses.csv","RV_6/10","RV_6/10","doses","current_coverage","./input/country_select/all_uses_6_10_14/all_6_10_14_cov_curr"
"92","Ghana","GHA","current_cov_50","Ghana_doses.csv","Keep_current","N/A","doses","50%","./input/country_select/current_vacc_status/current_cov_50"
"93","Ghana","GHA","current_cov_60","Ghana_doses.csv","Keep_current","N/A","doses","60%","./input/country_select/current_vacc_status/current_cov_60"
"94","Ghana","GHA","current_cov_70","Ghana_doses.csv","Keep_current","N/A","doses","70%","./input/country_select/current_vacc_status/current_cov_70"
"95","Ghana","GHA","current_cov_80","Ghana_doses.csv","Keep_current","N/A","doses","80%","./input/country_select/current_vacc_status/current_cov_80"
"96","Ghana","GHA","current_cov_90","Ghana_doses.csv","Keep_current","N/A","doses","90%","./input/country_select/current_vacc_status/current_cov_90"
"97","Ghana","GHA","current_cov_95","Ghana_doses.csv","Keep_current","N/A","doses","95%","./input/country_select/current_vacc_status/current_cov_95"
"98","Ghana","GHA","current_cov_curr","Ghana_doses.csv","Keep_current","N/A","doses","current_coverage","./input/country_select/current_vacc_status/current_cov_curr"
"99","Kenya","KEN","all_1_10_14_cov_50","Kenya_doses.csv","Neonatal_1/10/14","Neonatal_1/10/14","doses","50%","./input/country_select/all_uses_1_10_14/all_1_10_14_cov_50"
"100","Kenya","KEN","all_1_10_14_cov_60","Kenya_doses.csv","Neonatal_1/10/14","Neonatal_1/10/14","doses","60%","./input/country_select/all_uses_1_10_14/all_1_10_14_cov_60"
"101","Kenya","KEN","all_1_10_14_cov_70","Kenya_doses.csv","Neonatal_1/10/14","Neonatal_1/10/14","doses","70%","./input/country_select/all_uses_1_10_14/all_1_10_14_cov_70"
"102","Kenya","KEN","all_1_10_14_cov_80","Kenya_doses.csv","Neonatal_1/10/14","Neonatal_1/10/14","doses","80%","./input/country_select/all_uses_1_10_14/all_1_10_14_cov_80"
"103","Kenya","KEN","all_1_10_14_cov_90","Kenya_doses.csv","Neonatal_1/10/14","Neonatal_1/10/14","doses","90%","./input/country_select/all_uses_1_10_14/all_1_10_14_cov_90"
"104","Kenya","KEN","all_1_10_14_cov_95","Kenya_doses.csv","Neonatal_1/10/14","Neonatal_1/10/14","doses","95%","./input/country_select/all_uses_1_10_14/all_1_10_14_cov_95"
"105","Kenya","KEN","all_1_10_14_cov_curr","Kenya_doses.csv","Neonatal_1/10/14","Neonatal_1/10/14","doses","current_coverage","./input/country_select/all_uses_1_10_14/all_1_10_14_cov_curr"
"106","Kenya","KEN","all_1_6_10_cov_50","Kenya_doses.csv","Neonatal_1/6/10","Neonatal_1/6/10","doses","50%","./input/country_select/all_uses_1_6_10/all_1_6_10_cov_50"
"107","Kenya","KEN","all_1_6_10_cov_60","Kenya_doses.csv","Neonatal_1/6/10","Neonatal_1/6/10","doses","60%","./input/country_select/all_uses_1_6_10/all_1_6_10_cov_60"
"108","Kenya","KEN","all_1_6_10_cov_70","Kenya_doses.csv","Neonatal_1/6/10","Neonatal_1/6/10","doses","70%","./input/country_select/all_uses_1_6_10/all_1_6_10_cov_70"
"109","Kenya","KEN","all_1_6_10_cov_80","Kenya_doses.csv","Neonatal_1/6/10","Neonatal_1/6/10","doses","80%","./input/country_select/all_uses_1_6_10/all_1_6_10_cov_80"
"110","Kenya","KEN","all_1_6_10_cov_90","Kenya_doses.csv","Neonatal_1/6/10","Neonatal_1/6/10","doses","90%","./input/country_select/all_uses_1_6_10/all_1_6_10_cov_90"
"111","Kenya","KEN","all_1_6_10_cov_95","Kenya_doses.csv","Neonatal_1/6/10","Neonatal_1/6/10","doses","95%","./input/country_select/all_uses_1_6_10/all_1_6_10_cov_95"
"112","Kenya","KEN","all_1_6_10_cov_curr","Kenya_doses.csv","Neonatal_1/6/10","Neonatal_1/6/10","doses","current_coverage","./input/country_select/all_uses_1_6_10/all_1_6_10_cov_curr"
"113","Kenya","KEN","all_10_14_cov_50","Kenya_doses.csv","RV_10/14","RV_10/14","doses","50%","./input/country_select/all_uses_10_14/all_10_14_cov_50"
"114","Kenya","KEN","all_10_14_cov_60","Kenya_doses.csv","RV_10/14","RV_10/14","doses","60%","./input/country_select/all_uses_10_14/all_10_14_cov_60"
"115","Kenya","KEN","all_10_14_cov_70","Kenya_doses.csv","RV_10/14","RV_10/14","doses","70%","./input/country_select/all_uses_10_14/all_10_14_cov_70"
"116","Kenya","KEN","all_10_14_cov_80","Kenya_doses.csv","RV_10/14","RV_10/14","doses","80%","./input/country_select/all_uses_10_14/all_10_14_cov_80"
"117","Kenya","KEN","all_10_14_cov_90","Kenya_doses.csv","RV_10/14","RV_10/14","doses","90%","./input/country_select/all_uses_10_14/all_10_14_cov_90"
"118","Kenya","KEN","all_10_14_cov_95","Kenya_doses.csv","RV_10/14","RV_10/14","doses","95%","./input/country_select/all_uses_10_14/all_10_14_cov_95"
"119","Kenya","KEN","all_10_14_cov_curr","Kenya_doses.csv","RV_10/14","RV_10/14","doses","current_coverage","./input/country_select/all_uses_10_14/all_10_14_cov_curr"
"120","Kenya","KEN","all_uses_2_dose_plus_40_cov_50","Kenya_doses.csv","RV_6/10/40","RV_6/10/40","doses","50%","./input/country_select/all_uses_2_dose_plus_40/all_uses_2_dose_plus_40_cov_50"
"121","Kenya","KEN","all_uses_2_dose_plus_40_cov_60","Kenya_doses.csv","RV_6/10/40","RV_6/10/40","doses","60%","./input/country_select/all_uses_2_dose_plus_40/all_uses_2_dose_plus_40_cov_60"
"122","Kenya","KEN","all_uses_2_dose_plus_40_cov_70","Kenya_doses.csv","RV_6/10/40","RV_6/10/40","doses","70%","./input/country_select/all_uses_2_dose_plus_40/all_uses_2_dose_plus_40_cov_70"
"123","Kenya","KEN","all_uses_2_dose_plus_40_cov_80","Kenya_doses.csv","RV_6/10/40","RV_6/10/40","doses","80%","./input/country_select/all_uses_2_dose_plus_40/all_uses_2_dose_plus_40_cov_80"
"124","Kenya","KEN","all_uses_2_dose_plus_40_cov_90","Kenya_doses.csv","RV_6/10/40","RV_6/10/40","doses","90%","./input/country_select/all_uses_2_dose_plus_40/all_uses_2_dose_plus_40_cov_90"
"125","Kenya","KEN","all_uses_2_dose_plus_40_cov_95","Kenya_doses.csv","RV_6/10/40","RV_6/10/40","doses","95%","./input/country_select/all_uses_2_dose_plus_40/all_uses_2_dose_plus_40_cov_95"
"126","Kenya","KEN","all_uses_2_dose_plus_40_cov_curr","Kenya_doses.csv","RV_6/10/40","RV_6/10/40","doses","current_coverage","./input/country_select/all_uses_2_dose_plus_40/all_uses_2_dose_plus_40_cov_curr"
"127","Kenya","KEN","all_6_10_cov_50","Kenya_doses.csv","RV_6/10","RV_6/10","doses","50%","./input/country_select/all_uses_6_10/all_6_10_cov_50"
"128","Kenya","KEN","all_6_10_cov_60","Kenya_doses.csv","RV_6/10","RV_6/10","doses","60%","./input/country_select/all_uses_6_10/all_6_10_cov_60"
"129","Kenya","KEN","all_6_10_cov_70","Kenya_doses.csv","RV_6/10","RV_6/10","doses","70%","./input/country_select/all_uses_6_10/all_6_10_cov_70"
"130","Kenya","KEN","all_6_10_cov_80","Kenya_doses.csv","RV_6/10","RV_6/10","doses","80%","./input/country_select/all_uses_6_10/all_6_10_cov_80"
"131","Kenya","KEN","all_6_10_cov_90","Kenya_doses.csv","RV_6/10","RV_6/10","doses","90%","./input/country_select/all_uses_6_10/all_6_10_cov_90"
"132","Kenya","KEN","all_6_10_cov_95","Kenya_doses.csv","RV_6/10","RV_6/10","doses","95%","./input/country_select/all_uses_6_10/all_6_10_cov_95"
"133","Kenya","KEN","all_6_10_cov_curr","Kenya_doses.csv","RV_6/10","RV_6/10","doses","current_coverage","./input/country_select/all_uses_6_10/all_6_10_cov_curr"
"134","Kenya","KEN","all_6_10_14_cov_50","Kenya_doses.csv","RV_6/10","RV_6/10","doses","50%","./input/country_select/all_uses_6_10_14/all_6_10_14_cov_50"
"135","Kenya","KEN","all_6_10_14_cov_60","Kenya_doses.csv","RV_6/10","RV_6/10","doses","60%","./input/country_select/all_uses_6_10_14/all_6_10_14_cov_60"
"136","Kenya","KEN","all_6_10_14_cov_70","Kenya_doses.csv","RV_6/10","RV_6/10","doses","70%","./input/country_select/all_uses_6_10_14/all_6_10_14_cov_70"
"137","Kenya","KEN","all_6_10_14_cov_80","Kenya_doses.csv","RV_6/10","RV_6/10","doses","80%","./input/country_select/all_uses_6_10_14/all_6_10_14_cov_80"
"138","Kenya","KEN","all_6_10_14_cov_90","Kenya_doses.csv","RV_6/10","RV_6/10","doses","90%","./input/country_select/all_uses_6_10_14/all_6_10_14_cov_90"
"139","Kenya","KEN","all_6_10_14_cov_95","Kenya_doses.csv","RV_6/10","RV_6/10","doses","95%","./input/country_select/all_uses_6_10_14/all_6_10_14_cov_95"
"140","Kenya","KEN","all_6_10_14_cov_curr","Kenya_doses.csv","RV_6/10","RV_6/10","doses","current_coverage","./input/country_select/all_uses_6_10_14/all_6_10_14_cov_curr"
"141","Kenya","KEN","current_cov_50","Kenya_doses.csv","Keep_current","N/A","doses","50%","./input/country_select/current_vacc_status/current_cov_50"
"142","Kenya","KEN","current_cov_60","Kenya_doses.csv","Keep_current","N/A","doses","60%","./input/country_select/current_vacc_status/current_cov_60"
"143","Kenya","KEN","current_cov_70","Kenya_doses.csv","Keep_current","N/A","doses","70%","./input/country_select/current_vacc_status/current_cov_70"
"144","Kenya","KEN","current_cov_80","Kenya_doses.csv","Keep_current","N/A","doses","80%","./input/country_select/current_vacc_status/current_cov_80"
"145","Kenya","KEN","current_cov_90","Kenya_doses.csv","Keep_current","N/A","doses","90%","./input/country_select/current_vacc_status/current_cov_90"
"146","Kenya","KEN","current_cov_95","Kenya_doses.csv","Keep_current","N/A","doses","95%","./input/country_select/current_vacc_status/current_cov_95"
"147","Kenya","KEN","current_cov_curr","Kenya_doses.csv","Keep_current","N/A","doses","current_coverage","./input/country_select/current_vacc_status/current_cov_curr"
"148","Malawi","MWI","all_1_10_14_cov_50","Malawi_doses.csv","Neonatal_1/10/14","Neonatal_1/10/14","doses","50%","./input/country_select/all_uses_1_10_14/all_1_10_14_cov_50"
"149","Malawi","MWI","all_1_10_14_cov_60","Malawi_doses.csv","Neonatal_1/10/14","Neonatal_1/10/14","doses","60%","./input/country_select/all_uses_1_10_14/all_1_10_14_cov_60"
"150","Malawi","MWI","all_1_10_14_cov_70","Malawi_doses.csv","Neonatal_1/10/14","Neonatal_1/10/14","doses","70%","./input/country_select/all_uses_1_10_14/all_1_10_14_cov_70"
"151","Malawi","MWI","all_1_10_14_cov_80","Malawi_doses.csv","Neonatal_1/10/14","Neonatal_1/10/14","doses","80%","./input/country_select/all_uses_1_10_14/all_1_10_14_cov_80"
"152","Malawi","MWI","all_1_10_14_cov_90","Malawi_doses.csv","Neonatal_1/10/14","Neonatal_1/10/14","doses","90%","./input/country_select/all_uses_1_10_14/all_1_10_14_cov_90"
"153","Malawi","MWI","all_1_10_14_cov_95","Malawi_doses.csv","Neonatal_1/10/14","Neonatal_1/10/14","doses","95%","./input/country_select/all_uses_1_10_14/all_1_10_14_cov_95"
"154","Malawi","MWI","all_1_10_14_cov_curr","Malawi_doses.csv","Neonatal_1/10/14","Neonatal_1/10/14","doses","current_coverage","./input/country_select/all_uses_1_10_14/all_1_10_14_cov_curr"
"155","Malawi","MWI","all_1_6_10_cov_50","Malawi_doses.csv","Neonatal_1/6/10","Neonatal_1/6/10","doses","50%","./input/country_select/all_uses_1_6_10/all_1_6_10_cov_50"
"156","Malawi","MWI","all_1_6_10_cov_60","Malawi_doses.csv","Neonatal_1/6/10","Neonatal_1/6/10","doses","60%","./input/country_select/all_uses_1_6_10/all_1_6_10_cov_60"
"157","Malawi","MWI","all_1_6_10_cov_70","Malawi_doses.csv","Neonatal_1/6/10","Neonatal_1/6/10","doses","70%","./input/country_select/all_uses_1_6_10/all_1_6_10_cov_70"
"158","Malawi","MWI","all_1_6_10_cov_80","Malawi_doses.csv","Neonatal_1/6/10","Neonatal_1/6/10","doses","80%","./input/country_select/all_uses_1_6_10/all_1_6_10_cov_80"
"159","Malawi","MWI","all_1_6_10_cov_90","Malawi_doses.csv","Neonatal_1/6/10","Neonatal_1/6/10","doses","90%","./input/country_select/all_uses_1_6_10/all_1_6_10_cov_90"
"160","Malawi","MWI","all_1_6_10_cov_95","Malawi_doses.csv","Neonatal_1/6/10","Neonatal_1/6/10","doses","95%","./input/country_select/all_uses_1_6_10/all_1_6_10_cov_95"
"161","Malawi","MWI","all_1_6_10_cov_curr","Malawi_doses.csv","Neonatal_1/6/10","Neonatal_1/6/10","doses","current_coverage","./input/country_select/all_uses_1_6_10/all_1_6_10_cov_curr"
"162","Malawi","MWI","all_10_14_cov_50","Malawi_doses.csv","RV_10/14","RV_10/14","doses","50%","./input/country_select/all_uses_10_14/all_10_14_cov_50"
"163","Malawi","MWI","all_10_14_cov_60","Malawi_doses.csv","RV_10/14","RV_10/14","doses","60%","./input/country_select/all_uses_10_14/all_10_14_cov_60"
"164","Malawi","MWI","all_10_14_cov_70","Malawi_doses.csv","RV_10/14","RV_10/14","doses","70%","./input/country_select/all_uses_10_14/all_10_14_cov_70"
"165","Malawi","MWI","all_10_14_cov_80","Malawi_doses.csv","RV_10/14","RV_10/14","doses","80%","./input/country_select/all_uses_10_14/all_10_14_cov_80"
"166","Malawi","MWI","all_10_14_cov_90","Malawi_doses.csv","RV_10/14","RV_10/14","doses","90%","./input/country_select/all_uses_10_14/all_10_14_cov_90"
"167","Malawi","MWI","all_10_14_cov_95","Malawi_doses.csv","RV_10/14","RV_10/14","doses","95%","./input/country_select/all_uses_10_14/all_10_14_cov_95"
"168","Malawi","MWI","all_10_14_cov_curr","Malawi_doses.csv","RV_10/14","RV_10/14","doses","current_coverage","./input/country_select/all_uses_10_14/all_10_14_cov_curr"
"169","Malawi","MWI","all_uses_2_dose_plus_40_cov_50","Malawi_doses.csv","RV_6/10/40","RV_6/10/40","doses","50%","./input/country_select/all_uses_2_dose_plus_40/all_uses_2_dose_plus_40_cov_50"
"170","Malawi","MWI","all_uses_2_dose_plus_40_cov_60","Malawi_doses.csv","RV_6/10/40","RV_6/10/40","doses","60%","./input/country_select/all_uses_2_dose_plus_40/all_uses_2_dose_plus_40_cov_60"
"171","Malawi","MWI","all_uses_2_dose_plus_40_cov_70","Malawi_doses.csv","RV_6/10/40","RV_6/10/40","doses","70%","./input/country_select/all_uses_2_dose_plus_40/all_uses_2_dose_plus_40_cov_70"
"172","Malawi","MWI","all_uses_2_dose_plus_40_cov_80","Malawi_doses.csv","RV_6/10/40","RV_6/10/40","doses","80%","./input/country_select/all_uses_2_dose_plus_40/all_uses_2_dose_plus_40_cov_80"
"173","Malawi","MWI","all_uses_2_dose_plus_40_cov_90","Malawi_doses.csv","RV_6/10/40","RV_6/10/40","doses","90%","./input/country_select/all_uses_2_dose_plus_40/all_uses_2_dose_plus_40_cov_90"
"174","Malawi","MWI","all_uses_2_dose_plus_40_cov_95","Malawi_doses.csv","RV_6/10/40","RV_6/10/40","doses","95%","./input/country_select/all_uses_2_dose_plus_40/all_uses_2_dose_plus_40_cov_95"
"175","Malawi","MWI","all_uses_2_dose_plus_40_cov_curr","Malawi_doses.csv","RV_6/10/40","RV_6/10/40","doses","current_coverage","./input/country_select/all_uses_2_dose_plus_40/all_uses_2_dose_plus_40_cov_curr"
"176","Malawi","MWI","all_6_10_cov_50","Malawi_doses.csv","RV_6/10","RV_6/10","doses","50%","./input/country_select/all_uses_6_10/all_6_10_cov_50"
"177","Malawi","MWI","all_6_10_cov_60","Malawi_doses.csv","RV_6/10","RV_6/10","doses","60%","./input/country_select/all_uses_6_10/all_6_10_cov_60"
"178","Malawi","MWI","all_6_10_cov_70","Malawi_doses.csv","RV_6/10","RV_6/10","doses","70%","./input/country_select/all_uses_6_10/all_6_10_cov_70"
"179","Malawi","MWI","all_6_10_cov_80","Malawi_doses.csv","RV_6/10","RV_6/10","doses","80%","./input/country_select/all_uses_6_10/all_6_10_cov_80"
"180","Malawi","MWI","all_6_10_cov_90","Malawi_doses.csv","RV_6/10","RV_6/10","doses","90%","./input/country_select/all_uses_6_10/all_6_10_cov_90"
"181","Malawi","MWI","all_6_10_cov_95","Malawi_doses.csv","RV_6/10","RV_6/10","doses","95%","./input/country_select/all_uses_6_10/all_6_10_cov_95"
"182","Malawi","MWI","all_6_10_cov_curr","Malawi_doses.csv","RV_6/10","RV_6/10","doses","current_coverage","./input/country_select/all_uses_6_10/all_6_10_cov_curr"
"183","Malawi","MWI","all_6_10_14_cov_50","Malawi_doses.csv","RV_6/10","RV_6/10","doses","50%","./input/country_select/all_uses_6_10_14/all_6_10_14_cov_50"
"184","Malawi","MWI","all_6_10_14_cov_60","Malawi_doses.csv","RV_6/10","RV_6/10","doses","60%","./input/country_select/all_uses_6_10_14/all_6_10_14_cov_60"
"185","Malawi","MWI","all_6_10_14_cov_70","Malawi_doses.csv","RV_6/10","RV_6/10","doses","70%","./input/country_select/all_uses_6_10_14/all_6_10_14_cov_70"
"186","Malawi","MWI","all_6_10_14_cov_80","Malawi_doses.csv","RV_6/10","RV_6/10","doses","80%","./input/country_select/all_uses_6_10_14/all_6_10_14_cov_80"
"187","Malawi","MWI","all_6_10_14_cov_90","Malawi_doses.csv","RV_6/10","RV_6/10","doses","90%","./input/country_select/all_uses_6_10_14/all_6_10_14_cov_90"
"188","Malawi","MWI","all_6_10_14_cov_95","Malawi_doses.csv","RV_6/10","RV_6/10","doses","95%","./input/country_select/all_uses_6_10_14/all_6_10_14_cov_95"
"189","Malawi","MWI","all_6_10_14_cov_curr","Malawi_doses.csv","RV_6/10","RV_6/10","doses","current_coverage","./input/country_select/all_uses_6_10_14/all_6_10_14_cov_curr"
"190","Malawi","MWI","current_cov_50","Malawi_doses.csv","Keep_current","N/A","doses","50%","./input/country_select/current_vacc_status/current_cov_50"
"191","Malawi","MWI","current_cov_60","Malawi_doses.csv","Keep_current","N/A","doses","60%","./input/country_select/current_vacc_status/current_cov_60"
"192","Malawi","MWI","current_cov_70","Malawi_doses.csv","Keep_current","N/A","doses","70%","./input/country_select/current_vacc_status/current_cov_70"
"193","Malawi","MWI","current_cov_80","Malawi_doses.csv","Keep_current","N/A","doses","80%","./input/country_select/current_vacc_status/current_cov_80"
"194","Malawi","MWI","current_cov_90","Malawi_doses.csv","Keep_current","N/A","doses","90%","./input/country_select/current_vacc_status/current_cov_90"
"195","Malawi","MWI","current_cov_95","Malawi_doses.csv","Keep_current","N/A","doses","95%","./input/country_select/current_vacc_status/current_cov_95"
"196","Malawi","MWI","current_cov_curr","Malawi_doses.csv","Keep_current","N/A","doses","current_coverage","./input/country_select/current_vacc_status/current_cov_curr"
"197","South_Africa","ZAF","all_1_10_14_cov_50","South_Africa_doses.csv","Neonatal_1/10/14","Neonatal_1/10/14","doses","50%","./input/country_select/all_uses_1_10_14/all_1_10_14_cov_50"
"198","South_Africa","ZAF","all_1_10_14_cov_60","South_Africa_doses.csv","Neonatal_1/10/14","Neonatal_1/10/14","doses","60%","./input/country_select/all_uses_1_10_14/all_1_10_14_cov_60"
"199","South_Africa","ZAF","all_1_10_14_cov_70","South_Africa_doses.csv","Neonatal_1/10/14","Neonatal_1/10/14","doses","70%","./input/country_select/all_uses_1_10_14/all_1_10_14_cov_70"
"200","South_Africa","ZAF","all_1_10_14_cov_80","South_Africa_doses.csv","Neonatal_1/10/14","Neonatal_1/10/14","doses","80%","./input/country_select/all_uses_1_10_14/all_1_10_14_cov_80"
"201","South_Africa","ZAF","all_1_10_14_cov_90","South_Africa_doses.csv","Neonatal_1/10/14","Neonatal_1/10/14","doses","90%","./input/country_select/all_uses_1_10_14/all_1_10_14_cov_90"
"202","South_Africa","ZAF","all_1_10_14_cov_95","South_Africa_doses.csv","Neonatal_1/10/14","Neonatal_1/10/14","doses","95%","./input/country_select/all_uses_1_10_14/all_1_10_14_cov_95"
"203","South_Africa","ZAF","all_1_10_14_cov_curr","South_Africa_doses.csv","Neonatal_1/10/14","Neonatal_1/10/14","doses","current_coverage","./input/country_select/all_uses_1_10_14/all_1_10_14_cov_curr"
"204","South_Africa","ZAF","all_1_6_10_cov_50","South_Africa_doses.csv","Neonatal_1/6/10","Neonatal_1/6/10","doses","50%","./input/country_select/all_uses_1_6_10/all_1_6_10_cov_50"
"205","South_Africa","ZAF","all_1_6_10_cov_60","South_Africa_doses.csv","Neonatal_1/6/10","Neonatal_1/6/10","doses","60%","./input/country_select/all_uses_1_6_10/all_1_6_10_cov_60"
"206","South_Africa","ZAF","all_1_6_10_cov_70","South_Africa_doses.csv","Neonatal_1/6/10","Neonatal_1/6/10","doses","70%","./input/country_select/all_uses_1_6_10/all_1_6_10_cov_70"
"207","South_Africa","ZAF","all_1_6_10_cov_80","South_Africa_doses.csv","Neonatal_1/6/10","Neonatal_1/6/10","doses","80%","./input/country_select/all_uses_1_6_10/all_1_6_10_cov_80"
"208","South_Africa","ZAF","all_1_6_10_cov_90","South_Africa_doses.csv","Neonatal_1/6/10","Neonatal_1/6/10","doses","90%","./input/country_select/all_uses_1_6_10/all_1_6_10_cov_90"
"209","South_Africa","ZAF","all_1_6_10_cov_95","South_Africa_doses.csv","Neonatal_1/6/10","Neonatal_1/6/10","doses","95%","./input/country_select/all_uses_1_6_10/all_1_6_10_cov_95"
"210","South_Africa","ZAF","all_1_6_10_cov_curr","South_Africa_doses.csv","Neonatal_1/6/10","Neonatal_1/6/10","doses","current_coverage","./input/country_select/all_uses_1_6_10/all_1_6_10_cov_curr"
"211","South_Africa","ZAF","all_10_14_cov_50","South_Africa_doses.csv","RV_10/14","RV_10/14","doses","50%","./input/country_select/all_uses_10_14/all_10_14_cov_50"
"212","South_Africa","ZAF","all_10_14_cov_60","South_Africa_doses.csv","RV_10/14","RV_10/14","doses","60%","./input/country_select/all_uses_10_14/all_10_14_cov_60"
"213","South_Africa","ZAF","all_10_14_cov_70","South_Africa_doses.csv","RV_10/14","RV_10/14","doses","70%","./input/country_select/all_uses_10_14/all_10_14_cov_70"
"214","South_Africa","ZAF","all_10_14_cov_80","South_Africa_doses.csv","RV_10/14","RV_10/14","doses","80%","./input/country_select/all_uses_10_14/all_10_14_cov_80"
"215","South_Africa","ZAF","all_10_14_cov_90","South_Africa_doses.csv","RV_10/14","RV_10/14","doses","90%","./input/country_select/all_uses_10_14/all_10_14_cov_90"
"216","South_Africa","ZAF","all_10_14_cov_95","South_Africa_doses.csv","RV_10/14","RV_10/14","doses","95%","./input/country_select/all_uses_10_14/all_10_14_cov_95"
"217","South_Africa","ZAF","all_10_14_cov_curr","South_Africa_doses.csv","RV_10/14","RV_10/14","doses","current_coverage","./input/country_select/all_uses_10_14/all_10_14_cov_curr"
"218","South_Africa","ZAF","all_uses_2_dose_plus_40_cov_50","South_Africa_doses.csv","RV_6/10/40","RV_6/10/40","doses","50%","./input/country_select/all_uses_2_dose_plus_40/all_uses_2_dose_plus_40_cov_50"
"219","South_Africa","ZAF","all_uses_2_dose_plus_40_cov_60","South_Africa_doses.csv","RV_6/10/40","RV_6/10/40","doses","60%","./input/country_select/all_uses_2_dose_plus_40/all_uses_2_dose_plus_40_cov_60"
"220","South_Africa","ZAF","all_uses_2_dose_plus_40_cov_70","South_Africa_doses.csv","RV_6/10/40","RV_6/10/40","doses","70%","./input/country_select/all_uses_2_dose_plus_40/all_uses_2_dose_plus_40_cov_70"
"221","South_Africa","ZAF","all_uses_2_dose_plus_40_cov_80","South_Africa_doses.csv","RV_6/10/40","RV_6/10/40","doses","80%","./input/country_select/all_uses_2_dose_plus_40/all_uses_2_dose_plus_40_cov_80"
"222","South_Africa","ZAF","all_uses_2_dose_plus_40_cov_90","South_Africa_doses.csv","RV_6/10/40","RV_6/10/40","doses","90%","./input/country_select/all_uses_2_dose_plus_40/all_uses_2_dose_plus_40_cov_90"
"223","South_Africa","ZAF","all_uses_2_dose_plus_40_cov_95","South_Africa_doses.csv","RV_6/10/40","RV_6/10/40","doses","95%","./input/country_select/all_uses_2_dose_plus_40/all_uses_2_dose_plus_40_cov_95"
"224","South_Africa","ZAF","all_uses_2_dose_plus_40_cov_curr","South_Africa_doses.csv","RV_6/10/40","RV_6/10/40","doses","current_coverage","./input/country_select/all_uses_2_dose_plus_40/all_uses_2_dose_plus_40_cov_curr"
"225","South_Africa","ZAF","all_6_10_cov_50","South_Africa_doses.csv","RV_6/10","RV_6/10","doses","50%","./input/country_select/all_uses_6_10/all_6_10_cov_50"
"226","South_Africa","ZAF","all_6_10_cov_60","South_Africa_doses.csv","RV_6/10","RV_6/10","doses","60%","./input/country_select/all_uses_6_10/all_6_10_cov_60"
"227","South_Africa","ZAF","all_6_10_cov_70","South_Africa_doses.csv","RV_6/10","RV_6/10","doses","70%","./input/country_select/all_uses_6_10/all_6_10_cov_70"
"228","South_Africa","ZAF","all_6_10_cov_80","South_Africa_doses.csv","RV_6/10","RV_6/10","doses","80%","./input/country_select/all_uses_6_10/all_6_10_cov_80"
"229","South_Africa","ZAF","all_6_10_cov_90","South_Africa_doses.csv","RV_6/10","RV_6/10","doses","90%","./input/country_select/all_uses_6_10/all_6_10_cov_90"
"230","South_Africa","ZAF","all_6_10_cov_95","South_Africa_doses.csv","RV_6/10","RV_6/10","doses","95%","./input/country_select/all_uses_6_10/all_6_10_cov_95"
"231","South_Africa","ZAF","all_6_10_cov_curr","South_Africa_doses.csv","RV_6/10","RV_6/10","doses","current_coverage","./input/country_select/all_uses_6_10/all_6_10_cov_curr"
"232","South_Africa","ZAF","all_6_10_14_cov_50","South_Africa_doses.csv","RV_6/10","RV_6/10","doses","50%","./input/country_select/all_uses_6_10_14/all_6_10_14_cov_50"
"233","South_Africa","ZAF","all_6_10_14_cov_60","South_Africa_doses.csv","RV_6/10","RV_6/10","doses","60%","./input/country_select/all_uses_6_10_14/all_6_10_14_cov_60"
"234","South_Africa","ZAF","all_6_10_14_cov_70","South_Africa_doses.csv","RV_6/10","RV_6/10","doses","70%","./input/country_select/all_uses_6_10_14/all_6_10_14_cov_70"
"235","South_Africa","ZAF","all_6_10_14_cov_80","South_Africa_doses.csv","RV_6/10","RV_6/10","doses","80%","./input/country_select/all_uses_6_10_14/all_6_10_14_cov_80"
"236","South_Africa","ZAF","all_6_10_14_cov_90","South_Africa_doses.csv","RV_6/10","RV_6/10","doses","90%","./input/country_select/all_uses_6_10_14/all_6_10_14_cov_90"
"237","South_Africa","ZAF","all_6_10_14_cov_95","South_Africa_doses.csv","RV_6/10","RV_6/10","doses","95%","./input/country_select/all_uses_6_10_14/all_6_10_14_cov_95"
"238","South_Africa","ZAF","all_6_10_14_cov_curr","South_Africa_doses.csv","RV_6/10","RV_6/10","doses","current_coverage","./input/country_select/all_uses_6_10_14/all_6_10_14_cov_curr"
"239","South_Africa","ZAF","current_cov_50","South_Africa_doses.csv","Keep_current","N/A","doses","50%","./input/country_select/current_vacc_status/current_cov_50"
"240","South_Africa","ZAF","current_cov_60","South_Africa_doses.csv","Keep_current","N/A","doses","60%","./input/country_select/current_vacc_status/current_cov_60"
"241","South_Africa","ZAF","current_cov_70","South_Africa_doses.csv","Keep_current","N/A","doses","70%","./input/country_select/current_vacc_status/current_cov_70"
"242","South_Africa","ZAF","current_cov_80","South_Africa_doses.csv","Keep_current","N/A","doses","80%","./input/country_select/current_vacc_status/current_cov_80"
"243","South_Africa","ZAF","current_cov_90","South_Africa_doses.csv","Keep_current","N/A","doses","90%","./input/country_select/current_vacc_status/current_cov_90"
"244","South_Africa","ZAF","current_cov_95","South_Africa_doses.csv","Keep_current","N/A","doses","95%","./input/country_select/current_vacc_status/current_cov_95"
"245","South_Africa","ZAF","current_cov_curr","South_Africa_doses.csv","Keep_current","N/A","doses","current_coverage","./input/country_select/current_vacc_status/current_cov_curr"
